,0,1,2,3,4,5,6,7,sz
1a07C1,0.40127200000000002,0.78906699999999996,1.4091689999999999,1.9408749999999999,2.5812729999999999,2.8935569999999999,3.5694219999999999,3.9489839999999998,34
1a0qB1,0.190859,0.93478099999999997,1.508408,1.9889969999999999,2.4178769999999998,2.9628290000000002,3.2084950000000001,3.6624880000000002,23
1a28B1,0.118811,0.83807900000000002,1.2812520000000001,1.89455,2.2429359999999998,2.5242309999999999,2.9650810000000001,3.541172,23
1a42A1,0.38449699999999998,0.65157799999999999,0.98595299999999997,1.5694669999999999,1.845656,2.1038389999999998,2.4779059999999999,2.605731,23
1a4gA1,0.25530700000000001,0.54579200000000005,1.0294749999999999,1.4141010000000001,1.8864559999999999,2.1094620000000002,2.3985409999999998,2.6212230000000001,23
1a4kB1,0.22097900000000001,0.77532100000000004,1.053771,1.402852,1.94693,2.2126299999999999,2.6809319999999999,3.0900919999999998,31
1aaqB1,0.191659,1.162569,2.1561979999999998,2.8457300000000001,3.5683690000000001,4.2104150000000002,4.9972120000000002,5.5461200000000002,41
1abeA1,0.100937,0.28957699999999997,0.56472900000000004,0.78645299999999996,1.0136639999999999,1.2837510000000001,1.477187,1.6598299999999999,10
1abeA2,0.14732899999999999,0.37433499999999997,0.630355,0.803203,0.99278500000000003,1.302233,1.4319470000000001,1.6612290000000001,10
1abfA1,0.13928699999999999,0.33253100000000002,0.71617600000000003,0.94074899999999995,1.1563889999999999,1.3868480000000001,1.6374880000000001,1.8290200000000001,11
1abfA2,0.098599999999999993,0.33945900000000001,0.77486999999999995,0.86638800000000005,1.2276370000000001,1.458842,1.6804950000000001,1.7765219999999999,11
1acjA1,0.15410699999999999,0.41130100000000003,0.68012499999999998,0.93058099999999999,1.299693,1.456548,1.8193889999999999,1.8390280000000001,15
1aclA1,0.41851100000000002,0.90777300000000005,1.6450880000000001,2.3641030000000001,2.8855379999999999,3.487644,3.7400630000000001,4.1777889999999998,18
1acmA1,0.270256,0.63963999999999999,1.0185280000000001,1.4667399999999999,1.7959529999999999,2.0343749999999998,2.3088920000000002,2.6517460000000002,16
1aecA1,0.38084600000000002,0.78736399999999995,1.398555,1.8153969999999999,2.2798880000000001,2.837669,2.9541900000000001,3.4425870000000001,25
1ahaA1,0.17166899999999999,0.46812199999999998,0.68451499999999998,0.87896700000000005,1.188401,1.3709009999999999,1.5121549999999999,1.722094,10
1aoeB1,0.15620100000000001,0.59260400000000002,0.68284199999999995,1.052821,1.311687,1.524451,1.769895,2.1837529999999998,20
1aptA1,0.167049,0.568855,0.87338300000000002,1.336187,1.5371900000000001,1.907259,2.1063139999999998,2.3490099999999998,35
1apuA1,0.33853299999999997,0.60446900000000003,0.83497299999999997,1.2372810000000001,1.5349010000000001,1.8634550000000001,2.0834899999999998,2.503447,31
1aqwC1,0.186697,0.47117300000000001,0.879417,1.2491669999999999,1.54556,1.7121649999999999,1.90744,2.159373,20
1aseA1,0.30414000000000002,0.58784599999999998,1.0746789999999999,1.6178939999999999,1.983603,2.217444,2.5713550000000001,2.7792460000000001,16
1atlB1,0.21593200000000001,0.78547699999999998,1.270065,1.7164159999999999,2.1243509999999999,2.6170059999999999,2.8049230000000001,3.2045750000000002,23
1azmA1,0.12796099999999999,0.27356399999999997,0.52651199999999998,0.78168899999999997,1.025898,1.242607,1.4213469999999999,1.6423650000000001,13
1b59A1,0.22085099999999999,0.60789000000000004,1.016778,1.377481,1.76128,2.034662,2.3507479999999998,2.6626470000000002,21
1b9vA1,0.28728700000000001,0.71077000000000001,1.060459,1.417692,1.808214,2.1802030000000001,2.3713709999999999,2.6759080000000002,25
1bbpA1,0.42816799999999999,1.068492,1.62957,2.2390430000000001,2.8520400000000001,3.4165779999999999,3.9026649999999998,4.3541460000000001,43
1bgoA1,0.33083299999999999,0.93227300000000002,1.7694019999999999,2.0154040000000002,2.6717909999999998,3.1909830000000001,3.217222,3.7214450000000001,34
1bl7A1,0.10780099999999999,0.66931499999999999,1.1589689999999999,1.5920399999999999,2.1395080000000002,2.4588640000000002,2.878908,3.160406,25
1bmaA1,0.302367,0.91061700000000001,1.4174249999999999,1.8782749999999999,2.6134520000000001,2.9326479999999999,3.3934440000000001,3.8286440000000002,37
1bmqB1,0.18835499999999999,0.53330299999999997,0.96956299999999995,1.282186,1.6707639999999999,2.0556049999999999,2.2217069999999999,2.6042169999999998,38
1bybA1,0.37402999999999997,0.86173,1.73384,2.2731590000000002,2.9041709999999998,3.762111,4.3335619999999997,4.8659220000000003,45
1c12B1,0.40959400000000001,0.76661800000000002,1.0709960000000001,1.488893,1.9149069999999999,2.3995009999999999,2.7038790000000001,3.1024449999999999,23
1c1eB1,0.173127,0.41645199999999999,0.75494099999999997,1.1128640000000001,1.2813220000000001,1.6438630000000001,1.8743840000000001,2.0634899999999998,19
1c5cB1,0.354848,0.62780199999999997,1.0719639999999999,1.577264,1.836141,2.1176490000000001,2.56643,2.943381,22
1c5xB1,0.28562100000000001,0.53238200000000002,0.67088400000000004,0.97771699999999995,1.266089,1.4290480000000001,1.6743209999999999,1.788697,13
1c83A1,0.24307699999999999,0.44926199999999999,0.802651,0.99588299999999996,1.2749220000000001,1.5201359999999999,1.59941,1.8426469999999999,18
1cbsA1,0.40832299999999999,1.054206,1.855264,2.4694319999999998,2.8788529999999999,3.5444740000000001,4.1496779999999998,4.5065900000000001,22
1cf8B1,0.42538399999999998,1.0584830000000001,1.9755339999999999,2.7999909999999999,3.5510290000000002,3.8575119999999998,4.7226429999999997,4.9455530000000003,33
1cilA1,0.173514,0.766621,1.123602,1.5098670000000001,1.870954,2.100282,2.5210750000000002,2.6882320000000002,19
1cinA1,0.27018599999999998,0.65585300000000002,1.0585549999999999,1.359937,1.802036,2.19339,2.4562810000000002,2.6304850000000002,18
1ckpA1,0.145567,0.517266,0.92461400000000005,1.2073879999999999,1.469355,1.652372,1.909535,2.1506059999999998,18
1coyA1,0.23208200000000001,0.66314099999999998,1.2576149999999999,1.423233,1.8184739999999999,2.2170570000000001,2.6285180000000001,2.8341150000000002,21
1cttA1,0.15955800000000001,0.46094099999999999,0.70196199999999997,0.904192,1.0954809999999999,1.267884,1.442655,1.523298,16
1d4pB1,0.35392400000000002,0.89354599999999995,1.4816309999999999,2.0617429999999999,2.4796049999999998,3.2766799999999998,3.7883589999999998,4.1580219999999999,27
1dbbB1,0.36981900000000001,0.812585,1.2560340000000001,1.650766,2.0734970000000001,2.4907699999999999,2.7865869999999999,3.207973,23
1dbmB1,0.28728999999999999,0.65054000000000001,0.98449900000000001,1.560694,1.822087,2.3607830000000001,2.6565219999999998,2.9952220000000001,31
1dg5A1,0.28440799999999999,0.66493999999999998,1.12199,1.5467880000000001,1.7820769999999999,2.1648109999999998,2.4815260000000001,2.8846750000000001,21
1dhfA1,0.26434299999999999,0.74850899999999998,1.5095259999999999,1.9159660000000001,2.4100709999999999,2.9068670000000001,3.5092979999999998,3.8584480000000001,32
1didB1,0.107816,0.490784,0.75453899999999996,0.95640700000000001,1.151832,1.483914,1.6185290000000001,1.77376,11
1dmpB1,0.14977499999999999,0.82155500000000004,1.319615,1.9472860000000001,2.466164,2.9254950000000002,3.2255099999999999,3.7725179999999998,40
1dr1A1,0.173009,0.32921400000000001,0.58656200000000003,0.804952,1.0211030000000001,1.2704489999999999,1.5540339999999999,1.6680269999999999,17
1dwbB1,0.15601699999999999,0.24702099999999999,0.444743,0.70455699999999999,0.81815899999999997,1.009388,1.160614,1.260635,9
1dwcB1,0.284659,0.88563700000000001,1.1302779999999999,1.5044789999999999,2.0460400000000001,2.391133,2.6302050000000001,2.8552499999999998,35
1dwdB1,0.28415099999999999,0.87449500000000002,1.364479,1.9944040000000001,2.4032010000000001,2.872833,3.0279889999999998,3.473258,37
1dy9A1,0.23430699999999999,0.843391,1.2456210000000001,1.693872,2.2228370000000002,2.5417369999999999,2.8362349999999998,3.1720429999999999,35
1eapB1,0.21947700000000001,0.92272600000000005,1.380984,1.850806,2.2414459999999998,2.599243,2.9086509999999999,3.256866,23
1ebgB1,0.111915,0.29228799999999999,0.50018499999999999,0.77217100000000005,1.0177510000000001,1.231765,1.424213,1.6550229999999999,9
1eedA1,0.625749,1.176018,2.190795,2.6475240000000002,3.7314250000000002,4.3346159999999996,4.7854780000000003,5.083469,45
1ei1A1,0.40865600000000002,0.94378799999999996,1.396825,2.0786120000000001,2.4598969999999998,3.1663709999999998,3.5306709999999999,3.9020739999999998,31
1ejnA1,0.32801200000000003,1.142957,1.8099890000000001,2.487107,3.0482390000000001,3.6362239999999999,4.3006830000000003,4.6043570000000003,25
1elaA1,0.19857900000000001,0.90336399999999994,1.264313,1.6296440000000001,2.2302059999999999,2.5044230000000001,2.9439380000000002,3.2282470000000001,32
1elbA1,0.25669199999999998,0.87001600000000001,1.1605160000000001,1.436617,1.9471430000000001,2.2776670000000001,2.5706069999999999,2.7662469999999999,33
1elcA1,0.444216,0.94323100000000004,1.5128889999999999,2.143853,2.6343619999999999,3.1993200000000002,3.6490580000000001,4.2176920000000004,36
1eldA1,0.25106400000000001,0.959673,1.427319,1.6568419999999999,2.0650050000000002,2.487155,2.7900909999999999,3.1045419999999999,33
1eleA1,0.192022,0.83011299999999999,1.3271120000000001,1.7116769999999999,2.185149,2.4501529999999998,2.741126,3.1487069999999999,29
1epbA1,0.45447199999999999,1.080476,1.7090559999999999,2.1038670000000002,2.7010399999999999,3.4938319999999998,3.9626570000000001,4.3444529999999997,22
1epoA1,0.14344199999999999,1.081,1.5682929999999999,2.1923240000000002,2.8255949999999999,3.398965,3.8487719999999999,4.2371999999999996,46
1etrB1,0.20661099999999999,0.75452699999999995,1.0194350000000001,1.4912049999999999,1.762996,2.1468569999999998,2.6082429999999999,2.8620019999999999,35
1etsB1,0.25009500000000001,0.65659299999999998,0.97947300000000004,1.454707,1.6954979999999999,2.2885599999999999,2.6600320000000002,2.9481639999999998,37
1ettB1,0.205849,0.54093100000000005,0.94411500000000004,1.4118869999999999,1.7120420000000001,2.122528,2.5748880000000001,2.9200330000000001,30
1f0rA1,0.15010599999999999,0.62548000000000004,0.953843,1.316341,1.4801230000000001,1.850579,2.1317330000000001,2.357653,31
1f0sA1,0.20082700000000001,0.68736299999999995,0.86384700000000003,1.206815,1.5038499999999999,1.789874,1.9853099999999999,2.4314089999999999,29
1f3dB1,0.16344,0.84692500000000004,1.2326269999999999,1.5582119999999999,1.8973199999999999,2.2301199999999999,2.6492740000000001,3.0141429999999998,15
1faxA1,0.26207900000000001,0.73619000000000001,1.107165,1.374171,1.9966550000000001,2.3951899999999999,2.7549589999999999,3.0403739999999999,33
1fenA1,0.33365499999999998,0.88129999999999997,1.341596,1.8415820000000001,2.2504089999999999,3.0547219999999999,3.2803499999999999,3.817564,19
1fgiB1,0.19939599999999999,0.50255899999999998,0.85235099999999997,1.3390230000000001,1.5292410000000001,1.887278,2.2229899999999998,2.4954890000000001,22
1fl3B1,0.30435499999999999,1.3087660000000001,2.2677299999999998,2.598058,3.492378,4.124695,4.6582920000000003,5.2384539999999999,23
1flrB1,0.26239600000000002,0.43486399999999997,0.88042900000000002,1.226607,1.439011,1.816781,2.056743,2.2392880000000002,25
1frpA1,0.069899000000000003,0.53685799999999995,0.88158899999999996,1.096287,1.464496,1.640792,1.8731059999999999,2.080244,20
1ghbC1,0.19497800000000001,0.54581999999999997,0.67448300000000005,1.1657,1.4144749999999999,1.682593,1.8862570000000001,2.164866,18
1glpB1,0.42800100000000002,0.85186899999999999,1.4920819999999999,1.8842410000000001,2.2585730000000002,2.5002979999999999,2.9555180000000001,3.297968,23
1hdyB1,0.13261500000000001,0.30047800000000002,0.56712399999999996,0.75087800000000005,0.97042899999999999,1.125272,1.307472,1.4792479999999999,6
1hefA1,0.370174,1.2086220000000001,2.0322789999999999,2.7450950000000001,3.4904760000000001,3.9309609999999999,4.7228529999999997,5.2501920000000002,48
1hfcA1,0.43330999999999997,0.79964599999999997,1.5290809999999999,2.0868669999999998,2.5337429999999999,3.106913,3.4956010000000002,3.8721019999999999,25
1hivB1,0.63914599999999999,1.4172439999999999,2.1690290000000001,3.1201370000000002,3.7294999999999998,4.2927020000000002,5.0213999999999999,5.4804550000000001,59
1hslB1,0.14543700000000001,0.36288700000000002,0.77160099999999998,1.019404,1.348795,1.5575049999999999,1.72217,1.9680690000000001,11
1htfB1,0.43439899999999998,0.887073,1.483093,1.834355,2.194601,2.5135369999999999,2.4960420000000001,3.0004330000000001,41
1htiB1,0.168876,0.36940000000000001,0.84475999999999996,1.04871,1.265933,1.595993,1.8244320000000001,2.011415,9
1hvrB1,0.393953,1.0484599999999999,1.7574129999999999,2.285247,2.7817539999999998,3.5079410000000002,3.946078,4.387524,46
1hytA1,0.13000300000000001,0.430087,0.68546799999999997,0.98493799999999998,1.302818,1.6058349999999999,1.9250149999999999,2.2470180000000002,15
1icnA1,0.16867699999999999,0.55822499999999997,0.55562400000000001,0.88094499999999998,1.1308990000000001,1.229959,1.259347,1.5408930000000001,14
1idaB1,0.44225500000000001,1.186523,1.736056,2.6782210000000002,3.1153179999999998,3.508165,4.061007,4.4804019999999998,52
1imbA1,0.136654,0.62036899999999995,0.94550199999999995,1.256893,1.551353,1.7797989999999999,2.1124939999999999,2.2449919999999999,16
1ivcA1,0.12199400000000001,0.33654099999999998,0.50946100000000005,0.71816100000000005,0.85329699999999997,1.05803,1.2070590000000001,1.3550260000000001,15
1iveA1,0.104158,0.29424299999999998,0.398702,0.62891600000000003,0.76537699999999997,0.93880600000000003,1.1196710000000001,1.2644930000000001,14
1ivqB1,0.26608700000000002,1.190499,1.832897,2.0319069999999999,2.764195,3.469096,3.826676,4.2231230000000002,44
1lahA1,0.090649999999999994,0.53054299999999999,0.67129799999999995,0.92927700000000002,1.2416419999999999,1.514014,1.6539170000000001,1.8862650000000001,9
1lcpA1,0.197209,0.34956599999999999,0.58626199999999995,0.80069100000000004,1.0472239999999999,1.222647,1.5360750000000001,1.7177549999999999,10
1ldmA1,0.12800900000000001,0.26329900000000001,0.39539999999999997,0.59817600000000004,0.72353400000000001,0.86713099999999999,0.97289099999999995,1.1632530000000001,6
1licA1,0.369477,1.007177,1.5289090000000001,1.977109,2.6046070000000001,3.098157,3.742534,4.2441459999999998,20
1lmoA1,0.28351100000000001,0.58246500000000001,1.1298060000000001,1.377807,1.737906,2.1632859999999998,2.4194819999999999,2.5508449999999998,29
1lnaA1,0.23976700000000001,0.56371099999999996,1.0883860000000001,1.3334900000000001,1.5833600000000001,1.8381620000000001,2.1809270000000001,2.4121769999999998,17
1lpmA1,0.26299,1.051007,1.650013,2.0254810000000001,2.6751640000000001,3.0171779999999999,3.5584720000000001,4.0041770000000003,19
1lstA1,0.23354800000000001,0.43149700000000002,0.69193300000000002,1.0899129999999999,1.3968929999999999,1.692563,1.967956,2.1918359999999999,10
1lybB1,0.41868499999999997,1.2417320000000001,1.9545440000000001,2.332586,2.7600579999999999,3.5332569999999999,3.944928,4.0176040000000004,48
1lylA1,0.112042,0.31455499999999997,0.47977900000000001,0.80108999999999997,0.97375100000000003,1.3135920000000001,1.5662579999999999,1.8869800000000001,9
1mcqB1,0.187554,0.47431499999999999,0.73806899999999998,1.0701879999999999,1.313496,1.5237069999999999,1.671403,1.8627720000000001,21
1mdrA1,0.190576,0.55734799999999995,0.70004900000000003,1.146001,1.394204,1.567464,1.854174,2.036448,12
1ml1B1,0.23624800000000001,0.488624,0.84399000000000002,1.155661,1.319313,1.674625,1.886633,2.0886740000000001,9
1mldC1,0.228524,0.52596500000000002,0.80590499999999998,1.138109,1.4261349999999999,1.5385759999999999,1.8726290000000001,2.0863679999999998,13
1mmbA1,0.27736899999999998,0.63303600000000004,1.200699,1.590708,2.159929,2.5591189999999999,2.8821889999999999,3.3093210000000002,32
1mmqA1,0.21122199999999999,0.93898300000000001,1.6931659999999999,1.875443,2.6470470000000001,3.1525470000000002,3.5604710000000002,3.9694199999999999,33
1mncA1,0.36253600000000002,0.73734500000000003,1.0837969999999999,1.4701120000000001,1.9709129999999999,2.2466919999999999,2.5493260000000002,2.807728,25
1mrgA1,0.086190000000000003,0.44520399999999999,0.65983400000000003,0.88290599999999997,1.038918,1.3179650000000001,1.5424739999999999,1.8273349999999999,11
1mrkA1,0.23153599999999999,0.45481899999999997,0.84211800000000003,1.1816279999999999,1.35771,1.520427,1.6974180000000001,1.9332260000000001,19
1mtsA1,0.35838999999999999,0.99292000000000002,1.3862680000000001,2.0247139999999999,2.6161840000000001,3.0511370000000002,3.6497790000000001,4.0627800000000001,34
1mtwA1,0.29746800000000001,0.65753499999999998,1.048184,1.4740040000000001,1.6611739999999999,2.0869879999999998,2.3618190000000001,2.9002150000000002,33
1mupA1,0.17278099999999999,0.47363899999999998,0.781474,1.1429020000000001,1.405224,1.6393359999999999,1.8501030000000001,2.0754739999999998,9
1nsdA1,0.21772900000000001,0.52110800000000002,0.93308400000000002,1.2275020000000001,1.5157099999999999,1.8724400000000001,2.0869610000000001,2.485131,20
1oklA1,0.27843000000000001,0.59822299999999995,0.88060700000000003,1.268918,1.564479,1.7618670000000001,2.0742910000000001,2.2363330000000001,17
1okmA1,0.234102,0.58246100000000001,1.125926,1.4987060000000001,1.8517969999999999,2.060492,2.450787,2.6678350000000002,18
1pbdA1,0.153749,0.434618,0.649177,0.83321100000000003,0.998753,1.163225,1.3179430000000001,1.432809,10
1pdzA1,0.113565,0.40007799999999999,0.70441200000000004,0.92990600000000001,1.1871989999999999,1.4722390000000001,1.813669,2.008292,9
1phaA1,0.31291400000000003,0.59335300000000002,1.258394,1.5266109999999999,1.9915240000000001,2.4098980000000001,2.7052640000000001,2.9531179999999999,22
1phdA1,0.208562,0.52759699999999998,0.82719399999999998,1.1639889999999999,1.4000999999999999,1.513485,1.791641,1.9819519999999999,11
1phfA1,0.115082,0.58419500000000002,0.88651599999999997,1.167028,1.4665809999999999,1.7454160000000001,2.0485910000000001,2.2707060000000001,11
1phgA1,0.30999399999999999,0.69487500000000002,0.91230999999999995,1.2344379999999999,1.6636409999999999,1.9183790000000001,2.176393,2.3873899999999999,17
1ppcA1,0.25616100000000003,0.99175999999999997,1.612358,2.081019,2.6398600000000001,3.1212879999999998,3.5889669999999998,3.9833569999999998,37
1pphA1,0.20305300000000001,0.978105,1.412323,1.692331,2.404493,2.767598,3.1798639999999998,3.4753020000000001,30
1ppiA1,0.59903799999999996,1.3880619999999999,1.8514010000000001,2.500696,3.3308979999999999,4.0249350000000002,4.5555380000000003,5.1186999999999996,55
1psoA1,0.54185300000000003,1.3307389999999999,2.2594439999999998,2.8120769999999999,3.7757969999999998,4.6984700000000004,5.2329850000000002,5.9325700000000001,48
1ptvA1,0.16736200000000001,0.64609899999999998,0.74137500000000001,1.185551,1.321312,1.7784599999999999,1.8982410000000001,2.2988089999999999,17
1qbrB1,0.34595300000000001,1.310659,2.0559259999999999,2.937039,3.598271,4.1785480000000002,4.7723880000000003,5.5160140000000002,54
1qbtB1,0.50525500000000001,1.336452,2.4780150000000001,3.487447,4.5963159999999998,5.336913,5.9699200000000001,6.516032,62
1qbuB1,0.10691199999999999,0.97103700000000004,1.7668919999999999,2.2933379999999999,2.8432279999999999,3.5237080000000001,4.0178430000000001,4.5241230000000003,43
1qcfA1,0.15901399999999999,0.74330799999999997,0.97382199999999997,1.5282519999999999,1.818316,2.1061079999999999,2.390063,2.7775059999999998,21
1qh7A1,0.152471,0.27591700000000002,0.49310199999999998,0.64095500000000005,0.87887999999999999,1.074918,1.261646,1.387764,10
1ql7A1,0.233899,0.753166,1.015204,1.3597900000000001,1.919192,2.099091,2.5452900000000001,3.1404709999999998,34
1qpeA1,0.14830199999999999,0.57072000000000001,0.95233800000000002,1.4024179999999999,1.760637,2.040076,2.3175029999999999,2.7301869999999999,21
1qpqA1,0.15240999999999999,0.38941799999999999,0.58530000000000004,0.81085399999999996,1.0012190000000001,1.2518309999999999,1.417278,1.5285869999999999,12
1rbpA1,0.21035999999999999,0.86967000000000005,1.4439900000000001,2.1868530000000002,2.732326,3.2541989999999998,3.6892109999999998,4.3005779999999998,21
1rdsA1,0.19864000000000001,0.39004899999999998,0.93113299999999999,1.1546940000000001,1.485563,1.6638280000000001,2.0208900000000001,2.222324,20
1rneA1,0.41337299999999999,1.2992699999999999,1.9953050000000001,2.6732040000000001,3.4203100000000002,3.6475230000000001,4.3669469999999997,4.7815810000000001,51
1robA1,0.27233800000000002,0.60994999999999999,0.96124100000000001,1.429335,1.842255,2.180571,2.604012,2.8465240000000001,21
1slnA1,0.33643499999999998,0.86809199999999997,1.6098440000000001,2.1718679999999999,2.6795659999999999,3.2809840000000001,3.8273139999999999,4.2182570000000004,35
1sltA1,0.21556400000000001,0.57835400000000003,0.99626800000000004,1.153152,1.5646180000000001,1.7932189999999999,1.9555959999999999,2.1145700000000001,26
1srfA1,0.25263000000000002,0.79419600000000001,1.274286,1.707212,2.0780289999999999,2.6147140000000002,2.8953250000000001,3.2185389999999998,22
1srgA1,0.356211,0.79484900000000003,1.3200499999999999,1.743312,2.0853030000000001,2.5012059999999998,2.8002050000000001,3.1898610000000001,19
1srhA1,0.35877399999999998,0.83615799999999996,1.3247500000000001,1.6000669999999999,2.1606649999999998,2.5117799999999999,2.9282919999999999,3.309126,21
1srjB1,0.268675,0.54081599999999996,1.2277439999999999,1.5729310000000001,1.918266,2.4161920000000001,2.7758250000000002,3.4018649999999999,22
1stpA1,0.268571,0.74077000000000004,1.0784899999999999,1.821366,2.1431619999999998,2.5829200000000001,3.1097070000000002,3.3988969999999998,16
1tdbA1,0.33609600000000001,0.74912400000000001,1.3439730000000001,1.762132,2.247754,2.692148,2.9857499999999999,3.4444080000000001,21
1tmnA1,0.33211800000000002,0.66200800000000004,1.365653,1.786691,2.5068450000000002,2.7137060000000002,3.2136909999999999,3.5285730000000002,35
1tngA1,0.057865,0.390629,0.69103400000000004,0.94257800000000003,1.196882,1.4427829999999999,1.648156,1.816953,8
1tnhA1,0.20524000000000001,0.45662900000000001,0.67697799999999997,0.96075500000000003,1.2605120000000001,1.562208,1.761768,1.98725,9
1tniA1,0.15528400000000001,0.51256000000000002,0.92986100000000005,1.0407519999999999,1.395311,1.676247,1.911071,2.0882890000000001,11
1tnlA1,0.112377,0.59200600000000003,0.74465899999999996,1.0468500000000001,1.389327,1.531288,1.888164,2.0741309999999999,10
1tphB1,0.14982400000000001,0.254994,0.42911700000000003,0.60519999999999996,0.70035999999999998,0.88356199999999996,1.061245,1.2123090000000001,10
1tppA1,0.193828,0.32273800000000002,0.807091,1.153589,1.5426219999999999,1.7976099999999999,2.0507810000000002,2.3328549999999999,15
1ulbA1,0.068279000000000006,0.30904799999999999,0.64805100000000004,0.75351900000000005,0.98769799999999996,1.09968,1.2412270000000001,1.3620399999999999,11
1uvsB1,0.29615200000000003,0.84769499999999998,1.2961210000000001,1.7238659999999999,2.147526,2.6739709999999999,3.124422,3.7060019999999998,32
1uvtB1,0.13781499999999999,0.73836100000000005,0.99510399999999999,1.4324129999999999,1.9095139999999999,2.3666480000000001,2.6320999999999999,3.0784479999999999,27
1xidA1,0.15256800000000001,0.49763099999999999,0.80219600000000002,0.99899000000000004,1.306675,1.52932,1.7651559999999999,1.9063060000000001,12
1xkbB1,0.347721,0.72570500000000004,1.2126140000000001,1.7138610000000001,2.1442030000000001,2.4903629999999999,2.8628629999999999,3.2041620000000002,29
1ydrA1,0.27762100000000001,0.59431400000000001,0.97364799999999996,1.3657760000000001,1.831569,2.1483449999999999,2.5391629999999998,2.840776,20
1ydsA1,0.235015,0.63605699999999998,0.98122900000000002,1.475333,1.8320110000000001,2.1865269999999999,2.4824350000000002,2.7004269999999999,18
1ydtA1,0.47608,0.86604000000000003,1.391821,1.8578730000000001,2.4383650000000001,2.9401199999999998,3.4582449999999998,3.752964,27
2ackA1,0.152173,0.44731100000000001,0.61236800000000002,0.92218299999999997,1.151478,1.3022419999999999,1.4986269999999999,1.606584,12
2adaA1,0.209451,0.61236000000000002,1.127845,1.500319,1.8412409999999999,2.2222909999999998,2.5662660000000002,2.8788119999999999,19
2cgrB1,0.30849199999999999,0.88614400000000004,1.2095089999999999,1.7457959999999999,2.2499850000000001,2.6304409999999998,2.991072,3.3197760000000001,29
2cmdA1,0.174262,0.38671699999999998,0.79600400000000004,1.1133169999999999,1.3089249999999999,1.593642,1.8074589999999999,1.952777,13
2cppA1,0.087572999999999998,0.34379799999999999,0.59915700000000005,0.81798599999999999,1.037498,1.2452019999999999,1.4373910000000001,1.6183460000000001,11
2dblB1,0.46868100000000001,1.042537,1.8059069999999999,2.3512059999999999,2.7936640000000001,3.4551349999999998,3.9205800000000002,4.4346639999999997,30
2gbpA1,0.23104,0.52329099999999995,0.68969100000000005,0.97338599999999997,1.1966570000000001,1.4981260000000001,1.851278,2.0466660000000001,12
2h4nA1,0.29230699999999998,0.56007499999999999,0.98903700000000005,1.412431,1.625904,1.96984,2.2518039999999999,2.482666,13
2ifbA1,0.168906,0.43592199999999998,0.79300199999999998,1.0747340000000001,1.235671,1.681117,1.9200980000000001,2.2468249999999999,18
2mcpB1,0.13750299999999999,0.278781,0.41128300000000001,0.59507500000000002,0.78438699999999995,0.94602200000000003,1.1140779999999999,1.3232159999999999,11
2mipC1,0.58284999999999998,1.305139,1.791417,2.8500540000000001,3.4735499999999999,4.5212669999999999,5.1746970000000001,5.6919680000000001,54
2mipD2,0.52603900000000003,1.5222610000000001,2.1804190000000001,2.770248,3.6404450000000002,4.2963329999999997,5.0450460000000001,5.625896,54
2pcpB1,0.20444999999999999,0.59612399999999999,0.87844500000000003,1.0516829999999999,1.4451350000000001,1.755071,1.9033979999999999,2.120425,18
2phhA1,0.18057799999999999,0.36386000000000002,0.59187199999999995,0.80940999999999996,0.99453800000000003,1.1940360000000001,1.2650650000000001,1.2942979999999999,10
2qwkA1,0.16666700000000001,0.73683600000000005,1.011568,1.2853319999999999,1.7355179999999999,1.963436,2.2798820000000002,2.5018030000000002,20
2simA1,0.19439899999999999,0.63302999999999998,1.0484690000000001,1.371945,1.6803330000000001,2.0534089999999998,2.4987710000000001,2.8099989999999999,20
2tmnA1,0.11611,0.52154999999999996,0.83701599999999998,1.0595810000000001,1.5265949999999999,1.6351770000000001,2.0231319999999999,2.257031,13
2yhxA1,0.24900600000000001,0.658995,1.1662239999999999,1.809097,1.9539280000000001,2.486434,2.8372639999999998,3.3345069999999999,21
2ypiA1,0.241643,0.56387699999999996,0.74306399999999995,1.1509879999999999,1.4188829999999999,1.7074400000000001,1.901993,2.0526900000000001,9
3erdA1,0.079126000000000002,0.57344300000000004,1.003978,1.6194500000000001,1.78407,2.0480369999999999,2.6294170000000001,2.8039809999999998,20
3ertA1,0.31765599999999999,0.84979499999999997,1.284443,1.782907,2.096409,2.5901839999999998,3.0241210000000001,3.373815,29
3gchC1,0.17171800000000001,0.44885399999999998,0.81732499999999997,1.094244,1.472035,1.792011,1.9934419999999999,2.185254,12
3ptbA1,0.13427600000000001,0.29466399999999998,0.51436599999999999,0.65124700000000002,0.84471399999999996,0.97104999999999997,1.1145290000000001,1.3437699999999999,9
4aahC1,0.25762499999999999,0.76789700000000005,1.231949,1.6283209999999999,2.036705,2.4175610000000001,2.8926910000000001,3.1439469999999998,24
4ctsB1,0.118975,0.41234999999999999,0.66861099999999996,0.86622699999999997,1.042195,1.2027140000000001,1.408485,1.549617,9
4er2A1,0.34650799999999998,1.4579260000000001,2.1264859999999999,2.7081499999999998,3.4464839999999999,4.1500649999999997,4.6039599999999998,5.1083699999999999,48
4estA1,0.38480799999999998,1.2301390000000001,1.684202,2.514907,3.1368749999999999,3.4454009999999999,4.0861130000000001,4.5854790000000003,36
4lbdA1,0.39702599999999999,1.1377079999999999,1.4501999999999999,2.228218,2.6787540000000001,3.3491080000000002,3.9072610000000001,4.2271229999999997,29
4phvB1,0.21223400000000001,1.123918,1.7442040000000001,2.509274,3.001503,3.729705,4.1304679999999996,4.7722129999999998,46
5abpA1,0.11956600000000001,0.41064400000000001,0.78296500000000002,1.054027,1.2637659999999999,1.519687,1.8523700000000001,2.0069490000000001,12
5abpA2,0.19981199999999999,0.45594699999999999,0.75724999999999998,1.0605990000000001,1.299947,1.5717369999999999,1.819445,2.0396899999999998,12
5cppA1,0.17102600000000001,0.36225200000000002,0.64172899999999999,0.75173199999999996,1.0299659999999999,1.248065,1.4121239999999999,1.5859970000000001,11
5er1A1,0.49702299999999999,0.97021999999999997,1.531042,2.0342549999999999,2.592301,3.0978659999999998,3.4985979999999999,3.7666490000000001,37
5p2pB1,0.58251299999999995,0.98103300000000004,1.7182820000000001,2.277129,2.726048,3.3649960000000001,3.7500719999999998,4.1857470000000001,28
6abpA1,0.199516,0.41955300000000001,0.619919,0.86936800000000003,1.0504960000000001,1.2327440000000001,1.4782649999999999,1.6810099999999999,11
7timA1,0.15479699999999999,0.41451300000000002,0.83207100000000001,1.211141,1.5931230000000001,1.820392,2.114312,2.3589509999999998,10
8gchC1,0.34661599999999998,0.757189,1.0474749999999999,1.4689680000000001,2.0659939999999999,2.341011,2.6645669999999999,2.9594010000000002,24
